                  epoch,         train/box_loss,         train/cls_loss,         train/dfl_loss,   metrics/precision(B),      metrics/recall(B),       metrics/mAP50(B),    metrics/mAP50-95(B),           val/box_loss,           val/cls_loss,           val/dfl_loss,                 lr/pg0,                 lr/pg1,                 lr/pg2
                      1,                 2.3288,                 2.9399,                 1.1669,                0.49218,                 0.4568,                 0.2562,                0.11908,                 1.8321,                  1.743,                 1.0221,             0.00041319,             0.00041319,             0.00041319
                      2,                 1.8959,                 1.7205,                 1.0197,                 0.7393,                0.40358,                0.34136,                0.15513,                 1.8445,                 1.5653,                 1.0463,             0.00082657,             0.00082657,             0.00082657
                      3,                 1.8049,                 1.5239,                0.99884,                0.81053,                0.38057,                0.39787,                0.19011,                 1.7482,                 1.3881,                 1.0085,              0.0012367,              0.0012367,              0.0012367
                      4,                   1.72,                  1.398,                0.99428,                0.86363,                0.37414,                0.42609,                0.22134,                 1.6207,                 1.3543,                0.98133,              0.0012351,              0.0012351,              0.0012351
